frequency,language
0.657221207,English
0.157769653,Indonesian
0.052010969,Spanish
0.03702011,Italian
0.028793419,Portuguese
0.014076782,French
0.01023766,Turkish
0.042870201,Other
